{"cameraMode":{"drawMode":0,"name":"Shaded","section":"Shading Mode"},"sceneLighting":true,"audioPlay":false,"sceneViewState":{"m_AlwaysRefresh":false,"showFog":true,"showSkybox":true,"showFlares":true,"showImageEffects":true,"showParticleSystems":true,"showVisualEffectGraphs":true,"m_FxEnabled":true},"in2DMode":false,"pivot":{"x":5.521881103515625,"y":-44.883270263671878,"z":82.57511901855469},"rotation":{"x":0.3100147247314453,"y":-0.02423662506043911,"z":0.007928639650344849,"w":0.9504042267799377},"size":106.7723617553711,"orthographic":false}